Security,NVO US Equity,
Start Date,2/28/2025 0:00,
End Date,3/31/2025 0:00,
Period,D,
Currency,USD,
,,
Date,PX_LAST,PX_BID
3/31/2025,69.44,69.45
3/28/2025,69.3,69.29
3/27/2025,70.16,70.17
3/26/2025,71.73,71.7
3/25/2025,73.6,73.57
3/24/2025,75.33,75.31
3/21/2025,76.86,76.85
3/20/2025,78.79,78.77
3/19/2025,79,79.01
3/18/2025,80.98,80.99
3/17/2025,80.15,80.16
3/14/2025,77.15,77.14
3/13/2025,75.89,75.93
3/12/2025,74.79,74.75
3/11/2025,78.11,78.09
3/10/2025,78.95,78.94
3/7/2025,87.17,87.2
3/6/2025,88.04,87.98
3/5/2025,90.86,90.85
3/4/2025,87.5,87.43
3/3/2025,89.37,89.38
2/28/2025,90.65,90.63
